order_id,order_date,customer_id,product,category,quantity,unit_price,region
1001,2026-09-01,C101,Laptop,Electronics,1,55000,South
1002,2026-09-01,C102,Mouse,Accessories,2,500,South
1003,2026-09-02,C103,Keyboard,Accessories,1,1200,North
1004,2026-09-02,C104,Monitor,Electronics,2,12000,West
1005,2026-09-03,C105,Headphones,Accessories,3,1500,East
1006,2026-09-03,C106,Phone,Electronics,1,25000,South
1007,2026-09-04,C107,Tablet,Electronics,2,18000,North
1008,2026-09-04,C108,Mouse,Accessories,4,500,West
1009,2026-09-05,C109,Laptop,Electronics,1,55000,East
1010,2026-09-05,C110,Keyboard,Accessories,2,1200,South
1011,2026-09-06,C111,Monitor,Electronics,1,12000,North
1012,2026-09-06,C112,Headphones,Accessories,2,1500,West
1013,2026-09-07,C113,Phone,Electronics,2,25000,East
1014,2026-09-07,C114,Tablet,Electronics,1,18000,South
1015,2026-09-08,C115,Mouse,Accessories,3,500,North